timestamp,model_name,y_true,y_pred,day_idx,forecast_day
2014-07-02 00:00:00,XGBoost,0.25,0.3344743549823761,2,2014-07-02
2014-07-02 00:00:00,BestStat,0.25,0.4466666579246521,2,2014-07-02
2014-07-02 00:00:00,Naive,0.25,0.2800000011920929,2,2014-07-02
2014-07-02 00:00:00,SeasonalNaive,0.25,0.25,2,2014-07-02
2014-07-02 01:00:00,Naive,0.25,0.2800000011920929,2,2014-07-02
2014-07-02 01:00:00,XGBoost,0.25,0.33282744884490967,2,2014-07-02
2014-07-02 01:00:00,BestStat,0.25,0.4566666781902313,2,2014-07-02
2014-07-02 01:00:00,SeasonalNaive,0.25,0.25999999046325684,2,2014-07-02
2014-07-02 02:00:00,BestStat,0.28,0.43666666746139526,2,2014-07-02
2014-07-02 02:00:00,XGBoost,0.28,0.2983321249485016,2,2014-07-02
2014-07-02 02:00:00,Naive,0.28,0.2800000011920929,2,2014-07-02
2014-07-02 02:00:00,SeasonalNaive,0.28,0.23999999463558197,2,2014-07-02
2014-07-02 03:00:00,XGBoost,0.28,0.2912503480911255,2,2014-07-02
2014-07-02 03:00:00,Naive,0.28,0.2800000011920929,2,2014-07-02
2014-07-02 03:00:00,SeasonalNaive,0.28,0.25,2,2014-07-02
2014-07-02 03:00:00,BestStat,0.28,0.4466666579246521,2,2014-07-02
2014-07-02 04:00:00,Naive,0.29,0.2800000011920929,2,2014-07-02
2014-07-02 04:00:00,SeasonalNaive,0.29,0.27000001072883606,2,2014-07-02
2014-07-02 04:00:00,XGBoost,0.29,0.2824797034263611,2,2014-07-02
2014-07-02 04:00:00,BestStat,0.29,0.46666666865348816,2,2014-07-02
2014-07-02 05:00:00,SeasonalNaive,0.44,0.23999999463558197,2,2014-07-02
2014-07-02 05:00:00,XGBoost,0.44,0.35341745615005493,2,2014-07-02
2014-07-02 05:00:00,BestStat,0.44,0.43666666746139526,2,2014-07-02
2014-07-02 05:00:00,Naive,0.44,0.2800000011920929,2,2014-07-02
2014-07-02 06:00:00,XGBoost,0.28,0.5196821093559265,2,2014-07-02
2014-07-02 06:00:00,Naive,0.28,0.2800000011920929,2,2014-07-02
2014-07-02 06:00:00,SeasonalNaive,0.28,1.0199999809265137,2,2014-07-02
2014-07-02 06:00:00,BestStat,0.28,1.2166666984558105,2,2014-07-02
2014-07-02 07:00:00,XGBoost,0.62,1.9294909238815308,2,2014-07-02
2014-07-02 07:00:00,BestStat,0.62,2.176666736602783,2,2014-07-02
2014-07-02 07:00:00,Naive,0.62,0.2800000011920929,2,2014-07-02
2014-07-02 07:00:00,SeasonalNaive,0.62,1.9800000190734863,2,2014-07-02
2014-07-02 08:00:00,SeasonalNaive,0.28,0.699999988079071,2,2014-07-02
2014-07-02 08:00:00,Naive,0.28,0.2800000011920929,2,2014-07-02
2014-07-02 08:00:00,XGBoost,0.28,1.8873658180236816,2,2014-07-02
2014-07-02 08:00:00,BestStat,0.28,0.8966666460037231,2,2014-07-02
2014-07-02 09:00:00,Naive,0.32,0.2800000011920929,2,2014-07-02
2014-07-02 09:00:00,BestStat,0.32,0.6466666460037231,2,2014-07-02
2014-07-02 09:00:00,XGBoost,0.32,1.8896551132202148,2,2014-07-02
2014-07-02 09:00:00,SeasonalNaive,0.32,0.44999998807907104,2,2014-07-02
2014-07-02 10:00:00,XGBoost,0.29,1.8896551132202148,2,2014-07-02
2014-07-02 10:00:00,BestStat,0.29,0.4866666793823242,2,2014-07-02
2014-07-02 10:00:00,SeasonalNaive,0.29,0.28999999165534973,2,2014-07-02
2014-07-02 10:00:00,Naive,0.29,0.2800000011920929,2,2014-07-02
2014-07-02 11:00:00,SeasonalNaive,0.86,0.3100000023841858,2,2014-07-02
2014-07-02 11:00:00,XGBoost,0.86,1.8914130926132202,2,2014-07-02
2014-07-02 11:00:00,Naive,0.86,0.2800000011920929,2,2014-07-02
2014-07-02 11:00:00,BestStat,0.86,0.5066666603088379,2,2014-07-02
2014-07-02 12:00:00,XGBoost,0.7,1.8941360712051392,2,2014-07-02
2014-07-02 12:00:00,BestStat,0.7,0.6366666555404663,2,2014-07-02
2014-07-02 12:00:00,Naive,0.7,0.2800000011920929,2,2014-07-02
2014-07-02 12:00:00,SeasonalNaive,0.7,0.4399999976158142,2,2014-07-02
2014-07-02 13:00:00,BestStat,1.37,0.5766666531562805,2,2014-07-02
2014-07-02 13:00:00,Naive,1.37,0.2800000011920929,2,2014-07-02
2014-07-02 13:00:00,XGBoost,1.37,1.8941360712051392,2,2014-07-02
2014-07-02 13:00:00,SeasonalNaive,1.37,0.3799999952316284,2,2014-07-02
2014-07-02 14:00:00,SeasonalNaive,1.36,0.3199999928474426,2,2014-07-02
2014-07-02 14:00:00,BestStat,1.36,0.5166666507720947,2,2014-07-02
2014-07-02 14:00:00,Naive,1.36,0.2800000011920929,2,2014-07-02
2014-07-02 14:00:00,XGBoost,1.36,1.8941439390182495,2,2014-07-02
2014-07-02 15:00:00,SeasonalNaive,0.8,0.3499999940395355,2,2014-07-02
2014-07-02 15:00:00,BestStat,0.8,0.54666668176651,2,2014-07-02
2014-07-02 15:00:00,Naive,0.8,0.2800000011920929,2,2014-07-02
2014-07-02 15:00:00,XGBoost,0.8,1.8941439390182495,2,2014-07-02
2014-07-02 16:00:00,XGBoost,0.46,1.899145483970642,2,2014-07-02
2014-07-02 16:00:00,SeasonalNaive,0.46,0.75,2,2014-07-02
2014-07-02 16:00:00,BestStat,0.46,0.9466666579246521,2,2014-07-02
2014-07-02 16:00:00,Naive,0.46,0.2800000011920929,2,2014-07-02
2014-07-02 17:00:00,BestStat,0.36,0.8666666746139526,2,2014-07-02
2014-07-02 17:00:00,XGBoost,0.36,1.856162190437317,2,2014-07-02
2014-07-02 17:00:00,Naive,0.36,0.2800000011920929,2,2014-07-02
2014-07-02 17:00:00,SeasonalNaive,0.36,0.6700000166893005,2,2014-07-02
2014-07-02 18:00:00,Naive,0.45,0.2800000011920929,2,2014-07-02
2014-07-02 18:00:00,BestStat,0.45,0.6966666579246521,2,2014-07-02
2014-07-02 18:00:00,SeasonalNaive,0.45,0.5,2,2014-07-02
2014-07-02 18:00:00,XGBoost,0.45,1.8560210466384888,2,2014-07-02
2014-07-02 19:00:00,XGBoost,0.45,1.8524225950241089,2,2014-07-02
2014-07-02 19:00:00,Naive,0.45,0.2800000011920929,2,2014-07-02
2014-07-02 19:00:00,BestStat,0.45,0.746666669845581,2,2014-07-02
2014-07-02 19:00:00,SeasonalNaive,0.45,0.550000011920929,2,2014-07-02
2014-07-02 20:00:00,Naive,0.43,0.2800000011920929,2,2014-07-02
2014-07-02 20:00:00,SeasonalNaive,0.43,0.800000011920929,2,2014-07-02
2014-07-02 20:00:00,BestStat,0.43,0.996666669845581,2,2014-07-02
2014-07-02 20:00:00,XGBoost,0.43,1.8599085807800293,2,2014-07-02
2014-07-02 21:00:00,BestStat,0.36,0.7766666412353516,2,2014-07-02
2014-07-02 21:00:00,SeasonalNaive,0.36,0.5799999833106995,2,2014-07-02
2014-07-02 21:00:00,Naive,0.36,0.2800000011920929,2,2014-07-02
2014-07-02 21:00:00,XGBoost,0.36,1.0282561779022217,2,2014-07-02
2014-07-02 22:00:00,XGBoost,0.32,0.5530561804771423,2,2014-07-02
2014-07-02 22:00:00,BestStat,0.32,0.4866666793823242,2,2014-07-02
2014-07-02 22:00:00,Naive,0.32,0.2800000011920929,2,2014-07-02
2014-07-02 22:00:00,SeasonalNaive,0.32,0.28999999165534973,2,2014-07-02
2014-07-02 23:00:00,SeasonalNaive,0.32,0.2800000011920929,2,2014-07-02
2014-07-02 23:00:00,XGBoost,0.32,0.48463839292526245,2,2014-07-02
2014-07-02 23:00:00,Naive,0.32,0.2800000011920929,2,2014-07-02
2014-07-02 23:00:00,BestStat,0.32,0.476666659116745,2,2014-07-02
2014-07-03 00:00:00,SeasonalNaive,0.35,0.25,3,2014-07-03
2014-07-03 00:00:00,BestStat,0.35,0.4387519359588623,3,2014-07-03
2014-07-03 00:00:00,XGBoost,0.35,0.3129305839538574,3,2014-07-03
2014-07-03 00:00:00,Naive,0.35,0.3199999928474426,3,2014-07-03
2014-07-03 01:00:00,XGBoost,0.36,0.39229997992515564,3,2014-07-03
2014-07-03 01:00:00,Naive,0.36,0.3199999928474426,3,2014-07-03
2014-07-03 01:00:00,SeasonalNaive,0.36,0.25,3,2014-07-03
2014-07-03 01:00:00,BestStat,0.36,0.30211612582206726,3,2014-07-03
2014-07-03 02:00:00,SeasonalNaive,0.35,0.2800000011920929,3,2014-07-03
2014-07-03 02:00:00,BestStat,0.35,0.37851187586784363,3,2014-07-03
2014-07-03 02:00:00,Naive,0.35,0.3199999928474426,3,2014-07-03
2014-07-03 02:00:00,XGBoost,0.35,0.3856218159198761,3,2014-07-03
2014-07-03 03:00:00,Naive,0.32,0.3199999928474426,3,2014-07-03
2014-07-03 03:00:00,SeasonalNaive,0.32,0.2800000011920929,3,2014-07-03
2014-07-03 03:00:00,BestStat,0.32,0.32563313841819763,3,2014-07-03
2014-07-03 03:00:00,XGBoost,0.32,0.3924920856952667,3,2014-07-03
2014-07-03 04:00:00,SeasonalNaive,0.31,0.28999999165534973,3,2014-07-03
2014-07-03 04:00:00,XGBoost,0.31,0.39954495429992676,3,2014-07-03
2014-07-03 04:00:00,BestStat,0.31,0.3487728238105774,3,2014-07-03
2014-07-03 04:00:00,Naive,0.31,0.3199999928474426,3,2014-07-03
2014-07-03 05:00:00,BestStat,0.33,0.47768378257751465,3,2014-07-03
2014-07-03 05:00:00,SeasonalNaive,0.33,0.4399999976158142,3,2014-07-03
2014-07-03 05:00:00,XGBoost,0.33,0.4848994016647339,3,2014-07-03
2014-07-03 05:00:00,Naive,0.33,0.3199999928474426,3,2014-07-03
2014-07-03 06:00:00,SeasonalNaive,0.31,0.2800000011920929,3,2014-07-03
2014-07-03 06:00:00,Naive,0.31,0.3199999928474426,3,2014-07-03
2014-07-03 06:00:00,BestStat,0.31,0.3206120729446411,3,2014-07-03
2014-07-03 06:00:00,XGBoost,0.31,0.5822980403900146,3,2014-07-03
2014-07-03 07:00:00,XGBoost,0.32,1.3146957159042358,3,2014-07-03
2014-07-03 07:00:00,SeasonalNaive,0.32,0.6200000047683716,3,2014-07-03
2014-07-03 07:00:00,Naive,0.32,0.3199999928474426,3,2014-07-03
2014-07-03 07:00:00,BestStat,0.32,0.6519014835357666,3,2014-07-03
2014-07-03 08:00:00,Naive,0.38,0.3199999928474426,3,2014-07-03
2014-07-03 08:00:00,XGBoost,0.38,1.4829679727554321,3,2014-07-03
2014-07-03 08:00:00,BestStat,0.38,0.3120338022708893,3,2014-07-03
2014-07-03 08:00:00,SeasonalNaive,0.38,0.2800000011920929,3,2014-07-03
2014-07-03 09:00:00,BestStat,0.4,0.34829622507095337,3,2014-07-03
2014-07-03 09:00:00,Naive,0.4,0.3199999928474426,3,2014-07-03
2014-07-03 09:00:00,XGBoost,0.4,1.4994159936904907,3,2014-07-03
2014-07-03 09:00:00,SeasonalNaive,0.4,0.3199999928474426,3,2014-07-03
2014-07-03 10:00:00,Naive,0.43,0.3199999928474426,3,2014-07-03
2014-07-03 10:00:00,XGBoost,0.43,1.5198595523834229,3,2014-07-03
2014-07-03 10:00:00,SeasonalNaive,0.43,0.28999999165534973,3,2014-07-03
2014-07-03 10:00:00,BestStat,0.43,0.3178684413433075,3,2014-07-03
2014-07-03 11:00:00,XGBoost,0.36,1.2738711833953857,3,2014-07-03
2014-07-03 11:00:00,SeasonalNaive,0.36,0.8600000143051147,3,2014-07-03
2014-07-03 11:00:00,BestStat,0.36,0.8862018585205078,3,2014-07-03
2014-07-03 11:00:00,Naive,0.36,0.3199999928474426,3,2014-07-03
2014-07-03 12:00:00,XGBoost,0.37,1.4307888746261597,3,2014-07-03
2014-07-03 12:00:00,SeasonalNaive,0.37,0.699999988079071,3,2014-07-03
2014-07-03 12:00:00,BestStat,0.37,0.7258012890815735,3,2014-07-03
2014-07-03 12:00:00,Naive,0.37,0.3199999928474426,3,2014-07-03
2014-07-03 13:00:00,XGBoost,0.35,1.5775032043457031,3,2014-07-03
2014-07-03 13:00:00,BestStat,0.35,1.3950309753417969,3,2014-07-03
2014-07-03 13:00:00,SeasonalNaive,0.35,1.3700000047683716,3,2014-07-03
2014-07-03 13:00:00,Naive,0.35,0.3199999928474426,3,2014-07-03
2014-07-03 14:00:00,BestStat,0.3,1.3847583532333374,3,2014-07-03
2014-07-03 14:00:00,SeasonalNaive,0.3,1.3600000143051147,3,2014-07-03
2014-07-03 14:00:00,Naive,0.3,0.3199999928474426,3,2014-07-03
2014-07-03 14:00:00,XGBoost,0.3,1.5716279745101929,3,2014-07-03
2014-07-03 15:00:00,XGBoost,0.32,1.613059401512146,3,2014-07-03
2014-07-03 15:00:00,Naive,0.32,0.3199999928474426,3,2014-07-03
2014-07-03 15:00:00,BestStat,0.32,0.8243909478187561,3,2014-07-03
2014-07-03 15:00:00,SeasonalNaive,0.32,0.800000011920929,3,2014-07-03
2014-07-03 16:00:00,Naive,0.34,0.3199999928474426,3,2014-07-03
2014-07-03 16:00:00,BestStat,0.34,0.4842257797718048,3,2014-07-03
2014-07-03 16:00:00,SeasonalNaive,0.34,0.46000000834465027,3,2014-07-03
2014-07-03 16:00:00,XGBoost,0.34,1.2066682577133179,3,2014-07-03
2014-07-03 17:00:00,Naive,0.31,0.3199999928474426,3,2014-07-03
2014-07-03 17:00:00,XGBoost,0.31,1.658826231956482,3,2014-07-03
2014-07-03 17:00:00,SeasonalNaive,0.31,0.36000001430511475,3,2014-07-03
2014-07-03 17:00:00,BestStat,0.31,0.3840459883213043,3,2014-07-03
2014-07-03 18:00:00,SeasonalNaive,0.33,0.44999998807907104,3,2014-07-03
2014-07-03 18:00:00,Naive,0.33,0.3199999928474426,3,2014-07-03
2014-07-03 18:00:00,XGBoost,0.33,1.4813966751098633,3,2014-07-03
2014-07-03 18:00:00,BestStat,0.33,0.47395145893096924,3,2014-07-03
2014-07-03 19:00:00,SeasonalNaive,0.37,0.44999998807907104,3,2014-07-03
2014-07-03 19:00:00,Naive,0.37,0.3199999928474426,3,2014-07-03
2014-07-03 19:00:00,XGBoost,0.37,1.285290002822876,3,2014-07-03
2014-07-03 19:00:00,BestStat,0.37,0.4738616943359375,3,2014-07-03
2014-07-03 20:00:00,SeasonalNaive,0.4,0.4300000071525574,3,2014-07-03
2014-07-03 20:00:00,Naive,0.4,0.3199999928474426,3,2014-07-03
2014-07-03 20:00:00,XGBoost,0.4,0.4278255105018616,3,2014-07-03
2014-07-03 20:00:00,BestStat,0.4,0.45380932092666626,3,2014-07-03
2014-07-03 21:00:00,BestStat,0.34,0.3837638199329376,3,2014-07-03
2014-07-03 21:00:00,XGBoost,0.34,0.38976454734802246,3,2014-07-03
2014-07-03 21:00:00,SeasonalNaive,0.34,0.36000001430511475,3,2014-07-03
2014-07-03 21:00:00,Naive,0.34,0.3199999928474426,3,2014-07-03
2014-07-03 22:00:00,XGBoost,0.33,0.39898818731307983,3,2014-07-03
2014-07-03 22:00:00,BestStat,0.33,0.34373536705970764,3,2014-07-03
2014-07-03 22:00:00,Naive,0.33,0.3199999928474426,3,2014-07-03
2014-07-03 22:00:00,SeasonalNaive,0.33,0.3199999928474426,3,2014-07-03
2014-07-03 23:00:00,SeasonalNaive,0.3,0.3199999928474426,3,2014-07-03
2014-07-03 23:00:00,XGBoost,0.3,0.40006864070892334,3,2014-07-03
2014-07-03 23:00:00,Naive,0.3,0.3199999928474426,3,2014-07-03
2014-07-03 23:00:00,BestStat,0.3,0.34371206164360046,3,2014-07-03
2014-07-04 00:00:00,SeasonalNaive,0.37,0.3499999940395355,4,2014-07-04
2014-07-04 00:00:00,BestStat,0.37,0.31727534532546997,4,2014-07-04
2014-07-04 00:00:00,Naive,0.37,0.30000001192092896,4,2014-07-04
2014-07-04 00:00:00,XGBoost,0.37,0.2976190745830536,4,2014-07-04
2014-07-04 01:00:00,BestStat,0.31,0.3694477379322052,4,2014-07-04
2014-07-04 01:00:00,SeasonalNaive,0.31,0.36000001430511475,4,2014-07-04
2014-07-04 01:00:00,Naive,0.31,0.30000001192092896,4,2014-07-04
2014-07-04 01:00:00,XGBoost,0.31,0.28311675786972046,4,2014-07-04
2014-07-04 02:00:00,XGBoost,0.31,0.28918224573135376,4,2014-07-04
2014-07-04 02:00:00,SeasonalNaive,0.31,0.3499999940395355,4,2014-07-04
2014-07-04 02:00:00,Naive,0.31,0.30000001192092896,4,2014-07-04
2014-07-04 02:00:00,BestStat,0.31,0.2886967062950134,4,2014-07-04
2014-07-04 03:00:00,SeasonalNaive,0.31,0.3199999928474426,4,2014-07-04
2014-07-04 03:00:00,Naive,0.31,0.30000001192092896,4,2014-07-04
2014-07-04 03:00:00,XGBoost,0.31,0.2777670919895172,4,2014-07-04
2014-07-04 03:00:00,BestStat,0.31,0.29613590240478516,4,2014-07-04
2014-07-04 04:00:00,SeasonalNaive,0.3,0.3100000023841858,4,2014-07-04
2014-07-04 04:00:00,XGBoost,0.3,0.2836928367614746,4,2014-07-04
2014-07-04 04:00:00,Naive,0.3,0.30000001192092896,4,2014-07-04
2014-07-04 04:00:00,BestStat,0.3,0.22746892273426056,4,2014-07-04
2014-07-04 05:00:00,SeasonalNaive,0.32,0.33000001311302185,4,2014-07-04
2014-07-04 05:00:00,XGBoost,0.32,0.45446863770484924,4,2014-07-04
2014-07-04 05:00:00,BestStat,0.32,0.2874457836151123,4,2014-07-04
2014-07-04 05:00:00,Naive,0.32,0.30000001192092896,4,2014-07-04
2014-07-04 06:00:00,XGBoost,0.3,0.4374315142631531,4,2014-07-04
2014-07-04 06:00:00,Naive,0.3,0.30000001192092896,4,2014-07-04
2014-07-04 06:00:00,BestStat,0.3,0.12033256143331528,4,2014-07-04
2014-07-04 06:00:00,SeasonalNaive,0.3,0.3100000023841858,4,2014-07-04
2014-07-04 07:00:00,Naive,0.38,0.30000001192092896,4,2014-07-04
2014-07-04 07:00:00,XGBoost,0.38,0.6022182703018188,4,2014-07-04
2014-07-04 07:00:00,BestStat,0.38,0.008187791332602501,4,2014-07-04
2014-07-04 07:00:00,SeasonalNaive,0.38,0.3199999928474426,4,2014-07-04
2014-07-04 08:00:00,SeasonalNaive,0.4,0.3799999952316284,4,2014-07-04
2014-07-04 08:00:00,Naive,0.4,0.30000001192092896,4,2014-07-04
2014-07-04 08:00:00,BestStat,0.4,0.25247499346733093,4,2014-07-04
2014-07-04 08:00:00,XGBoost,0.4,0.47815537452697754,4,2014-07-04
2014-07-04 09:00:00,BestStat,0.33,0.34165969491004944,4,2014-07-04
2014-07-04 09:00:00,SeasonalNaive,0.33,0.4000000059604645,4,2014-07-04
2014-07-04 09:00:00,XGBoost,0.33,0.4282638728618622,4,2014-07-04
2014-07-04 09:00:00,Naive,0.33,0.30000001192092896,4,2014-07-04
2014-07-04 10:00:00,XGBoost,0.37,0.3764744997024536,4,2014-07-04
2014-07-04 10:00:00,BestStat,0.37,0.3729875087738037,4,2014-07-04
2014-07-04 10:00:00,Naive,0.37,0.30000001192092896,4,2014-07-04
2014-07-04 10:00:00,SeasonalNaive,0.37,0.4300000071525574,4,2014-07-04
2014-07-04 11:00:00,BestStat,0.36,0.271761029958725,4,2014-07-04
2014-07-04 11:00:00,XGBoost,0.36,0.3583325445652008,4,2014-07-04
2014-07-04 11:00:00,Naive,0.36,0.30000001192092896,4,2014-07-04
2014-07-04 11:00:00,SeasonalNaive,0.36,0.36000001430511475,4,2014-07-04
2014-07-04 12:00:00,BestStat,0.35,0.2512659728527069,4,2014-07-04
2014-07-04 12:00:00,XGBoost,0.35,0.35903480648994446,4,2014-07-04
2014-07-04 12:00:00,Naive,0.35,0.30000001192092896,4,2014-07-04
2014-07-04 12:00:00,SeasonalNaive,0.35,0.3700000047683716,4,2014-07-04
2014-07-04 13:00:00,SeasonalNaive,0.33,0.3499999940395355,4,2014-07-04
2014-07-04 13:00:00,BestStat,0.33,0.21096032857894897,4,2014-07-04
2014-07-04 13:00:00,Naive,0.33,0.30000001192092896,4,2014-07-04
2014-07-04 13:00:00,XGBoost,0.33,0.43779560923576355,4,2014-07-04
2014-07-04 14:00:00,Naive,0.34,0.30000001192092896,4,2014-07-04
2014-07-04 14:00:00,SeasonalNaive,0.34,0.30000001192092896,4,2014-07-04
2014-07-04 14:00:00,XGBoost,0.34,0.5469725131988525,4,2014-07-04
2014-07-04 14:00:00,BestStat,0.34,0.13779856264591217,4,2014-07-04
2014-07-04 15:00:00,SeasonalNaive,0.35,0.3199999928474426,4,2014-07-04
2014-07-04 15:00:00,Naive,0.35,0.30000001192092896,4,2014-07-04
2014-07-04 15:00:00,XGBoost,0.35,0.3542928099632263,4,2014-07-04
2014-07-04 15:00:00,BestStat,0.35,0.21768371760845184,4,2014-07-04
2014-07-04 16:00:00,XGBoost,0.32,0.4157027006149292,4,2014-07-04
2014-07-04 16:00:00,SeasonalNaive,0.32,0.3400000035762787,4,2014-07-04
2014-07-04 16:00:00,BestStat,0.32,0.19056496024131775,4,2014-07-04
2014-07-04 16:00:00,Naive,0.32,0.30000001192092896,4,2014-07-04
2014-07-04 17:00:00,BestStat,0.35,0.18933282792568207,4,2014-07-04
2014-07-04 17:00:00,SeasonalNaive,0.35,0.3100000023841858,4,2014-07-04
2014-07-04 17:00:00,XGBoost,0.35,0.46303117275238037,4,2014-07-04
2014-07-04 17:00:00,Naive,0.35,0.30000001192092896,4,2014-07-04
2014-07-04 18:00:00,SeasonalNaive,0.35,0.33000001311302185,4,2014-07-04
2014-07-04 18:00:00,XGBoost,0.35,0.4201890528202057,4,2014-07-04
2014-07-04 18:00:00,Naive,0.35,0.30000001192092896,4,2014-07-04
2014-07-04 18:00:00,BestStat,0.35,0.21523036062717438,4,2014-07-04
2014-07-04 19:00:00,BestStat,0.36,0.27013927698135376,4,2014-07-04
2014-07-04 19:00:00,Naive,0.36,0.30000001192092896,4,2014-07-04
2014-07-04 19:00:00,XGBoost,0.36,0.4283643960952759,4,2014-07-04
2014-07-04 19:00:00,SeasonalNaive,0.36,0.3700000047683716,4,2014-07-04
2014-07-04 20:00:00,XGBoost,0.33,0.41335329413414,4,2014-07-04
2014-07-04 20:00:00,Naive,0.33,0.30000001192092896,4,2014-07-04
2014-07-04 20:00:00,BestStat,0.33,0.25738829374313354,4,2014-07-04
2014-07-04 20:00:00,SeasonalNaive,0.33,0.4000000059604645,4,2014-07-04
2014-07-04 21:00:00,SeasonalNaive,0.34,0.3400000035762787,4,2014-07-04
2014-07-04 21:00:00,Naive,0.34,0.30000001192092896,4,2014-07-04
2014-07-04 21:00:00,BestStat,0.34,0.23056785762310028,4,2014-07-04
2014-07-04 21:00:00,XGBoost,0.34,0.39895930886268616,4,2014-07-04
2014-07-04 22:00:00,SeasonalNaive,0.3,0.33000001311302185,4,2014-07-04
2014-07-04 22:00:00,Naive,0.3,0.30000001192092896,4,2014-07-04
2014-07-04 22:00:00,XGBoost,0.3,0.3594474196434021,4,2014-07-04
2014-07-04 22:00:00,BestStat,0.3,0.2469341903924942,4,2014-07-04
2014-07-04 23:00:00,Naive,0.31,0.30000001192092896,4,2014-07-04
2014-07-04 23:00:00,XGBoost,0.31,0.35649263858795166,4,2014-07-04
2014-07-04 23:00:00,BestStat,0.31,0.21496516466140747,4,2014-07-04
2014-07-04 23:00:00,SeasonalNaive,0.31,0.30000001192092896,4,2014-07-04
2014-07-05 00:00:00,Naive,0.33,0.3100000023841858,5,2014-07-05
2014-07-05 00:00:00,SeasonalNaive,0.33,0.3700000047683716,5,2014-07-05
2014-07-05 00:00:00,XGBoost,0.33,0.31003129482269287,5,2014-07-05
2014-07-05 00:00:00,BestStat,0.33,0.34361469745635986,5,2014-07-05
2014-07-05 01:00:00,Naive,0.29,0.3100000023841858,5,2014-07-05
2014-07-05 01:00:00,SeasonalNaive,0.29,0.3100000023841858,5,2014-07-05
2014-07-05 01:00:00,BestStat,0.29,0.2601436376571655,5,2014-07-05
2014-07-05 01:00:00,XGBoost,0.29,0.2890217900276184,5,2014-07-05
2014-07-05 02:00:00,Naive,0.31,0.3100000023841858,5,2014-07-05
2014-07-05 02:00:00,BestStat,0.31,0.24681594967842102,5,2014-07-05
2014-07-05 02:00:00,SeasonalNaive,0.31,0.3100000023841858,5,2014-07-05
2014-07-05 02:00:00,XGBoost,0.31,0.2855251431465149,5,2014-07-05
2014-07-05 03:00:00,XGBoost,0.32,0.28590428829193115,5,2014-07-05
2014-07-05 03:00:00,Naive,0.32,0.3100000023841858,5,2014-07-05
2014-07-05 03:00:00,SeasonalNaive,0.32,0.3100000023841858,5,2014-07-05
2014-07-05 03:00:00,BestStat,0.32,0.2513723075389862,5,2014-07-05
2014-07-05 04:00:00,XGBoost,0.29,0.38773614168167114,5,2014-07-05
2014-07-05 04:00:00,SeasonalNaive,0.29,0.30000001192092896,5,2014-07-05
2014-07-05 04:00:00,Naive,0.29,0.3100000023841858,5,2014-07-05
2014-07-05 04:00:00,BestStat,0.29,0.23647695779800415,5,2014-07-05
2014-07-05 05:00:00,XGBoost,0.38,0.5953990817070007,5,2014-07-05
2014-07-05 05:00:00,Naive,0.38,0.3100000023841858,5,2014-07-05
2014-07-05 05:00:00,BestStat,0.38,0.2526721656322479,5,2014-07-05
2014-07-05 05:00:00,SeasonalNaive,0.38,0.3199999928474426,5,2014-07-05
2014-07-05 06:00:00,Naive,0.35,0.3100000023841858,5,2014-07-05
2014-07-05 06:00:00,BestStat,0.35,0.2739661931991577,5,2014-07-05
2014-07-05 06:00:00,SeasonalNaive,0.35,0.30000001192092896,5,2014-07-05
2014-07-05 06:00:00,XGBoost,0.35,0.8226578235626221,5,2014-07-05
2014-07-05 07:00:00,Naive,0.31,0.3100000023841858,5,2014-07-05
2014-07-05 07:00:00,BestStat,0.31,0.4192345142364502,5,2014-07-05
2014-07-05 07:00:00,XGBoost,0.31,1.1539889574050903,5,2014-07-05
2014-07-05 07:00:00,SeasonalNaive,0.31,0.3799999952316284,5,2014-07-05
2014-07-05 08:00:00,XGBoost,0.33,1.281683325767517,5,2014-07-05
2014-07-05 08:00:00,BestStat,0.33,0.35671600699424744,5,2014-07-05
2014-07-05 08:00:00,SeasonalNaive,0.33,0.4000000059604645,5,2014-07-05
2014-07-05 08:00:00,Naive,0.33,0.3100000023841858,5,2014-07-05
2014-07-05 09:00:00,SeasonalNaive,0.3,0.33000001311302185,5,2014-07-05
2014-07-05 09:00:00,BestStat,0.3,0.25474411249160767,5,2014-07-05
2014-07-05 09:00:00,XGBoost,0.3,1.4575785398483276,5,2014-07-05
2014-07-05 09:00:00,Naive,0.3,0.3100000023841858,5,2014-07-05
2014-07-05 10:00:00,BestStat,0.35,0.28558555245399475,5,2014-07-05
2014-07-05 10:00:00,XGBoost,0.35,1.4221497774124146,5,2014-07-05
2014-07-05 10:00:00,Naive,0.35,0.3100000023841858,5,2014-07-05
2014-07-05 10:00:00,SeasonalNaive,0.35,0.3700000047683716,5,2014-07-05
2014-07-05 11:00:00,SeasonalNaive,0.33,0.36000001430511475,5,2014-07-05
2014-07-05 11:00:00,BestStat,0.33,0.2914632260799408,5,2014-07-05
2014-07-05 11:00:00,Naive,0.33,0.3100000023841858,5,2014-07-05
2014-07-05 11:00:00,XGBoost,0.33,1.4626095294952393,5,2014-07-05
2014-07-05 12:00:00,SeasonalNaive,0.32,0.3499999940395355,5,2014-07-05
2014-07-05 12:00:00,Naive,0.32,0.3100000023841858,5,2014-07-05
2014-07-05 12:00:00,BestStat,0.32,0.28415223956108093,5,2014-07-05
2014-07-05 12:00:00,XGBoost,0.32,1.4471992254257202,5,2014-07-05
2014-07-05 13:00:00,XGBoost,0.35,1.45857834815979,5,2014-07-05
2014-07-05 13:00:00,Naive,0.35,0.3100000023841858,5,2014-07-05
2014-07-05 13:00:00,SeasonalNaive,0.35,0.33000001311302185,5,2014-07-05
2014-07-05 13:00:00,BestStat,0.35,0.2613859474658966,5,2014-07-05
2014-07-05 14:00:00,XGBoost,0.31,1.1527084112167358,5,2014-07-05
2014-07-05 14:00:00,Naive,0.31,0.3100000023841858,5,2014-07-05
2014-07-05 14:00:00,BestStat,0.31,0.2821274399757385,5,2014-07-05
2014-07-05 14:00:00,SeasonalNaive,0.31,0.3400000035762787,5,2014-07-05
2014-07-05 15:00:00,BestStat,0.31,0.2914307117462158,5,2014-07-05
2014-07-05 15:00:00,SeasonalNaive,0.31,0.3499999940395355,5,2014-07-05
2014-07-05 15:00:00,Naive,0.31,0.3100000023841858,5,2014-07-05
2014-07-05 15:00:00,XGBoost,0.31,1.1554337739944458,5,2014-07-05
2014-07-05 16:00:00,XGBoost,0.32,1.171623706817627,5,2014-07-05
2014-07-05 16:00:00,BestStat,0.32,0.2732931077480316,5,2014-07-05
2014-07-05 16:00:00,SeasonalNaive,0.32,0.3199999928474426,5,2014-07-05
2014-07-05 16:00:00,Naive,0.32,0.3100000023841858,5,2014-07-05
2014-07-05 17:00:00,Naive,0.31,0.3100000023841858,5,2014-07-05
2014-07-05 17:00:00,BestStat,0.31,0.3122004270553589,5,2014-07-05
2014-07-05 17:00:00,XGBoost,0.31,1.0755295753479004,5,2014-07-05
2014-07-05 17:00:00,SeasonalNaive,0.31,0.3499999940395355,5,2014-07-05
2014-07-05 18:00:00,SeasonalNaive,0.32,0.3499999940395355,5,2014-07-05
2014-07-05 18:00:00,Naive,0.32,0.3100000023841858,5,2014-07-05
2014-07-05 18:00:00,BestStat,0.32,0.2981666624546051,5,2014-07-05
2014-07-05 18:00:00,XGBoost,0.32,0.9108364582061768,5,2014-07-05
2014-07-05 19:00:00,XGBoost,0.34,0.8606892824172974,5,2014-07-05
2014-07-05 19:00:00,BestStat,0.34,0.3034575879573822,5,2014-07-05
2014-07-05 19:00:00,Naive,0.34,0.3100000023841858,5,2014-07-05
2014-07-05 19:00:00,SeasonalNaive,0.34,0.36000001430511475,5,2014-07-05
2014-07-05 20:00:00,SeasonalNaive,0.38,0.33000001311302185,5,2014-07-05
2014-07-05 20:00:00,BestStat,0.38,0.27504822611808777,5,2014-07-05
2014-07-05 20:00:00,XGBoost,0.38,0.8503296971321106,5,2014-07-05
2014-07-05 20:00:00,Naive,0.38,0.3100000023841858,5,2014-07-05
2014-07-05 21:00:00,XGBoost,0.34,0.30668795108795166,5,2014-07-05
2014-07-05 21:00:00,Naive,0.34,0.3100000023841858,5,2014-07-05
2014-07-05 21:00:00,SeasonalNaive,0.34,0.3400000035762787,5,2014-07-05
2014-07-05 21:00:00,BestStat,0.34,0.290579229593277,5,2014-07-05
2014-07-05 22:00:00,SeasonalNaive,0.32,0.30000001192092896,5,2014-07-05
2014-07-05 22:00:00,XGBoost,0.32,0.2934724688529968,5,2014-07-05
2014-07-05 22:00:00,BestStat,0.32,0.2314629703760147,5,2014-07-05
2014-07-05 22:00:00,Naive,0.32,0.3100000023841858,5,2014-07-05
2014-07-05 23:00:00,SeasonalNaive,0.31,0.3100000023841858,5,2014-07-05
2014-07-05 23:00:00,XGBoost,0.31,0.30244117975234985,5,2014-07-05
2014-07-05 23:00:00,BestStat,0.31,0.25274258852005005,5,2014-07-05
2014-07-05 23:00:00,Naive,0.31,0.3100000023841858,5,2014-07-05
2014-07-06 00:00:00,XGBoost,0.32,0.3396206796169281,6,2014-07-06
2014-07-06 00:00:00,Naive,0.32,0.3100000023841858,6,2014-07-06
2014-07-06 00:00:00,SeasonalNaive,0.32,0.33000001311302185,6,2014-07-06
2014-07-06 00:00:00,BestStat,0.32,0.3419790267944336,6,2014-07-06
2014-07-06 01:00:00,XGBoost,0.29,0.3290005922317505,6,2014-07-06
2014-07-06 01:00:00,SeasonalNaive,0.29,0.28999999165534973,6,2014-07-06
2014-07-06 01:00:00,Naive,0.29,0.3100000023841858,6,2014-07-06
2014-07-06 01:00:00,BestStat,0.29,0.2670832872390747,6,2014-07-06
2014-07-06 02:00:00,SeasonalNaive,0.3,0.3100000023841858,6,2014-07-06
2014-07-06 02:00:00,Naive,0.3,0.3100000023841858,6,2014-07-06
2014-07-06 02:00:00,BestStat,0.3,0.2574358880519867,6,2014-07-06
2014-07-06 02:00:00,XGBoost,0.3,0.3373294770717621,6,2014-07-06
2014-07-06 03:00:00,XGBoost,0.32,0.3484233617782593,6,2014-07-06
2014-07-06 03:00:00,SeasonalNaive,0.32,0.3199999928474426,6,2014-07-06
2014-07-06 03:00:00,BestStat,0.32,0.24700410664081573,6,2014-07-06
2014-07-06 03:00:00,Naive,0.32,0.3100000023841858,6,2014-07-06
2014-07-06 04:00:00,Naive,0.29,0.3100000023841858,6,2014-07-06
2014-07-06 04:00:00,XGBoost,0.29,0.3483544886112213,6,2014-07-06
2014-07-06 04:00:00,BestStat,0.29,0.21937601268291473,6,2014-07-06
2014-07-06 04:00:00,SeasonalNaive,0.29,0.28999999165534973,6,2014-07-06
2014-07-06 05:00:00,Naive,0.31,0.3100000023841858,6,2014-07-06
2014-07-06 05:00:00,XGBoost,0.31,0.36614957451820374,6,2014-07-06
2014-07-06 05:00:00,SeasonalNaive,0.31,0.3799999952316284,6,2014-07-06
2014-07-06 05:00:00,BestStat,0.31,0.2532961070537567,6,2014-07-06
2014-07-06 06:00:00,SeasonalNaive,0.31,0.3499999940395355,6,2014-07-06
2014-07-06 06:00:00,BestStat,0.31,0.22259825468063354,6,2014-07-06
2014-07-06 06:00:00,XGBoost,0.31,0.3368399739265442,6,2014-07-06
2014-07-06 06:00:00,Naive,0.31,0.3100000023841858,6,2014-07-06
2014-07-06 07:00:00,BestStat,0.3,0.2570883631706238,6,2014-07-06
2014-07-06 07:00:00,Naive,0.3,0.3100000023841858,6,2014-07-06
2014-07-06 07:00:00,SeasonalNaive,0.3,0.3100000023841858,6,2014-07-06
2014-07-06 07:00:00,XGBoost,0.3,0.3501364290714264,6,2014-07-06
2014-07-06 08:00:00,SeasonalNaive,0.34,0.33000001311302185,6,2014-07-06
2014-07-06 08:00:00,XGBoost,0.34,0.35048791766166687,6,2014-07-06
2014-07-06 08:00:00,BestStat,0.34,0.272134393453598,6,2014-07-06
2014-07-06 08:00:00,Naive,0.34,0.3100000023841858,6,2014-07-06
2014-07-06 09:00:00,BestStat,0.28,0.21123315393924713,6,2014-07-06
2014-07-06 09:00:00,XGBoost,0.28,0.35705286264419556,6,2014-07-06
2014-07-06 09:00:00,Naive,0.28,0.3100000023841858,6,2014-07-06
2014-07-06 09:00:00,SeasonalNaive,0.28,0.30000001192092896,6,2014-07-06
2014-07-06 10:00:00,BestStat,0.42,0.25121036171913147,6,2014-07-06
2014-07-06 10:00:00,SeasonalNaive,0.42,0.3499999940395355,6,2014-07-06
2014-07-06 10:00:00,XGBoost,0.42,0.36000359058380127,6,2014-07-06
2014-07-06 10:00:00,Naive,0.42,0.3100000023841858,6,2014-07-06
2014-07-06 11:00:00,XGBoost,0.38,0.49428343772888184,6,2014-07-06
2014-07-06 11:00:00,BestStat,0.38,0.23521767556667328,6,2014-07-06
2014-07-06 11:00:00,SeasonalNaive,0.38,0.33000001311302185,6,2014-07-06
2014-07-06 11:00:00,Naive,0.38,0.3100000023841858,6,2014-07-06
2014-07-06 12:00:00,BestStat,0.38,0.22300635278224945,6,2014-07-06
2014-07-06 12:00:00,XGBoost,0.38,0.4167884290218353,6,2014-07-06
2014-07-06 12:00:00,SeasonalNaive,0.38,0.3199999928474426,6,2014-07-06
2014-07-06 12:00:00,Naive,0.38,0.3100000023841858,6,2014-07-06
2014-07-06 13:00:00,XGBoost,0.39,0.4798488914966583,6,2014-07-06
2014-07-06 13:00:00,BestStat,0.39,0.21763478219509125,6,2014-07-06
2014-07-06 13:00:00,Naive,0.39,0.3100000023841858,6,2014-07-06
2014-07-06 13:00:00,SeasonalNaive,0.39,0.3499999940395355,6,2014-07-06
2014-07-06 14:00:00,SeasonalNaive,0.34,0.3100000023841858,6,2014-07-06
2014-07-06 14:00:00,XGBoost,0.34,0.41499313712120056,6,2014-07-06
2014-07-06 14:00:00,Naive,0.34,0.3100000023841858,6,2014-07-06
2014-07-06 14:00:00,BestStat,0.34,0.20972159504890442,6,2014-07-06
2014-07-06 15:00:00,SeasonalNaive,0.35,0.3100000023841858,6,2014-07-06
2014-07-06 15:00:00,XGBoost,0.35,0.3372834622859955,6,2014-07-06
2014-07-06 15:00:00,BestStat,0.35,0.2152269184589386,6,2014-07-06
2014-07-06 15:00:00,Naive,0.35,0.3100000023841858,6,2014-07-06
2014-07-06 16:00:00,BestStat,0.34,0.1973886787891388,6,2014-07-06
2014-07-06 16:00:00,Naive,0.34,0.3100000023841858,6,2014-07-06
2014-07-06 16:00:00,SeasonalNaive,0.34,0.3199999928474426,6,2014-07-06
2014-07-06 16:00:00,XGBoost,0.34,0.34434014558792114,6,2014-07-06
2014-07-06 17:00:00,XGBoost,0.36,0.3400075435638428,6,2014-07-06
2014-07-06 17:00:00,Naive,0.36,0.3100000023841858,6,2014-07-06
2014-07-06 17:00:00,SeasonalNaive,0.36,0.3100000023841858,6,2014-07-06
2014-07-06 17:00:00,BestStat,0.36,0.21343328058719635,6,2014-07-06
2014-07-06 18:00:00,SeasonalNaive,0.34,0.3199999928474426,6,2014-07-06
2014-07-06 18:00:00,Naive,0.34,0.3100000023841858,6,2014-07-06
2014-07-06 18:00:00,XGBoost,0.34,0.3587729036808014,6,2014-07-06
2014-07-06 18:00:00,BestStat,0.34,0.21606110036373138,6,2014-07-06
2014-07-06 19:00:00,XGBoost,0.29,0.35549113154411316,6,2014-07-06
2014-07-06 19:00:00,Naive,0.29,0.3100000023841858,6,2014-07-06
2014-07-06 19:00:00,SeasonalNaive,0.29,0.3400000035762787,6,2014-07-06
2014-07-06 19:00:00,BestStat,0.29,0.22880935668945312,6,2014-07-06
2014-07-06 20:00:00,BestStat,0.33,0.2213791012763977,6,2014-07-06
2014-07-06 20:00:00,SeasonalNaive,0.33,0.3799999952316284,6,2014-07-06
2014-07-06 20:00:00,Naive,0.33,0.3100000023841858,6,2014-07-06
2014-07-06 20:00:00,XGBoost,0.33,0.3502834141254425,6,2014-07-06
2014-07-06 21:00:00,Naive,0.34,0.3100000023841858,6,2014-07-06
2014-07-06 21:00:00,SeasonalNaive,0.34,0.3400000035762787,6,2014-07-06
2014-07-06 21:00:00,XGBoost,0.34,0.34279996156692505,6,2014-07-06
2014-07-06 21:00:00,BestStat,0.34,0.21458318829536438,6,2014-07-06
2014-07-06 22:00:00,SeasonalNaive,0.3,0.3199999928474426,6,2014-07-06
2014-07-06 22:00:00,BestStat,0.3,0.18086326122283936,6,2014-07-06
2014-07-06 22:00:00,Naive,0.3,0.3100000023841858,6,2014-07-06
2014-07-06 22:00:00,XGBoost,0.3,0.3444347083568573,6,2014-07-06
2014-07-06 23:00:00,XGBoost,0.38,0.3161059319972992,6,2014-07-06
2014-07-06 23:00:00,BestStat,0.38,0.1840483844280243,6,2014-07-06
2014-07-06 23:00:00,Naive,0.38,0.3100000023841858,6,2014-07-06
2014-07-06 23:00:00,SeasonalNaive,0.38,0.3100000023841858,6,2014-07-06
2014-07-07 00:00:00,XGBoost,0.31,0.35884368419647217,7,2014-07-07
2014-07-07 00:00:00,Naive,0.31,0.3799999952316284,7,2014-07-07
2014-07-07 00:00:00,SeasonalNaive,0.31,0.3199999928474426,7,2014-07-07
2014-07-07 00:00:00,BestStat,0.31,0.36213764548301697,7,2014-07-07
2014-07-07 01:00:00,Naive,0.37,0.3799999952316284,7,2014-07-07
2014-07-07 01:00:00,BestStat,0.37,0.3067548871040344,7,2014-07-07
2014-07-07 01:00:00,SeasonalNaive,0.37,0.28999999165534973,7,2014-07-07
2014-07-07 01:00:00,XGBoost,0.37,0.3410292863845825,7,2014-07-07
2014-07-07 02:00:00,BestStat,0.34,0.30726322531700134,7,2014-07-07
2014-07-07 02:00:00,SeasonalNaive,0.34,0.30000001192092896,7,2014-07-07
2014-07-07 02:00:00,Naive,0.34,0.3799999952316284,7,2014-07-07
2014-07-07 02:00:00,XGBoost,0.34,0.3425905704498291,7,2014-07-07
2014-07-07 03:00:00,XGBoost,0.28,0.34194523096084595,7,2014-07-07
2014-07-07 03:00:00,BestStat,0.28,0.3192531168460846,7,2014-07-07
2014-07-07 03:00:00,SeasonalNaive,0.28,0.3199999928474426,7,2014-07-07
2014-07-07 03:00:00,Naive,0.28,0.3799999952316284,7,2014-07-07
2014-07-07 04:00:00,SeasonalNaive,0.32,0.28999999165534973,7,2014-07-07
2014-07-07 04:00:00,Naive,0.32,0.3799999952316284,7,2014-07-07
2014-07-07 04:00:00,XGBoost,0.32,0.3393285274505615,7,2014-07-07
2014-07-07 04:00:00,BestStat,0.32,0.2915882468223572,7,2014-07-07
2014-07-07 05:00:00,SeasonalNaive,0.28,0.3100000023841858,7,2014-07-07
2014-07-07 05:00:00,Naive,0.28,0.3799999952316284,7,2014-07-07
2014-07-07 05:00:00,BestStat,0.28,0.2855496406555176,7,2014-07-07
2014-07-07 05:00:00,XGBoost,0.28,0.3418700098991394,7,2014-07-07
2014-07-07 06:00:00,SeasonalNaive,0.32,0.3100000023841858,7,2014-07-07
2014-07-07 06:00:00,Naive,0.32,0.3799999952316284,7,2014-07-07
2014-07-07 06:00:00,BestStat,0.32,0.30361828207969666,7,2014-07-07
2014-07-07 06:00:00,XGBoost,0.32,0.33923104405403137,7,2014-07-07
2014-07-07 07:00:00,XGBoost,0.44,0.5389437079429626,7,2014-07-07
2014-07-07 07:00:00,SeasonalNaive,0.44,0.30000001192092896,7,2014-07-07
2014-07-07 07:00:00,BestStat,0.44,0.31905731558799744,7,2014-07-07
2014-07-07 07:00:00,Naive,0.44,0.3799999952316284,7,2014-07-07
2014-07-07 08:00:00,XGBoost,2.09,0.4085569977760315,7,2014-07-07
2014-07-07 08:00:00,SeasonalNaive,2.09,0.3400000035762787,7,2014-07-07
2014-07-07 08:00:00,BestStat,2.09,0.34889599680900574,7,2014-07-07
2014-07-07 08:00:00,Naive,2.09,0.3799999952316284,7,2014-07-07
2014-07-07 09:00:00,Naive,1.56,0.3799999952316284,7,2014-07-07
2014-07-07 09:00:00,XGBoost,1.56,0.41571900248527527,7,2014-07-07
2014-07-07 09:00:00,BestStat,1.56,0.2700176239013672,7,2014-07-07
2014-07-07 09:00:00,SeasonalNaive,1.56,0.2800000011920929,7,2014-07-07
2014-07-07 10:00:00,BestStat,1.02,0.42686066031455994,7,2014-07-07
2014-07-07 10:00:00,XGBoost,1.02,0.4079650938510895,7,2014-07-07
2014-07-07 10:00:00,SeasonalNaive,1.02,0.41999998688697815,7,2014-07-07
2014-07-07 10:00:00,Naive,1.02,0.3799999952316284,7,2014-07-07
2014-07-07 11:00:00,XGBoost,1.04,0.41709432005882263,7,2014-07-07
2014-07-07 11:00:00,BestStat,1.04,0.38401779532432556,7,2014-07-07
2014-07-07 11:00:00,Naive,1.04,0.3799999952316284,7,2014-07-07
2014-07-07 11:00:00,SeasonalNaive,1.04,0.3799999952316284,7,2014-07-07
2014-07-07 12:00:00,Naive,1.51,0.3799999952316284,7,2014-07-07
2014-07-07 12:00:00,SeasonalNaive,1.51,0.3799999952316284,7,2014-07-07
2014-07-07 12:00:00,BestStat,1.51,0.38897228240966797,7,2014-07-07
2014-07-07 12:00:00,XGBoost,1.51,0.4086726903915405,7,2014-07-07
2014-07-07 13:00:00,Naive,0.74,0.3799999952316284,7,2014-07-07
2014-07-07 13:00:00,BestStat,0.74,0.3873717188835144,7,2014-07-07
2014-07-07 13:00:00,SeasonalNaive,0.74,0.38999998569488525,7,2014-07-07
2014-07-07 13:00:00,XGBoost,0.74,0.4167385995388031,7,2014-07-07
2014-07-07 14:00:00,SeasonalNaive,0.64,0.3400000035762787,7,2014-07-07
2014-07-07 14:00:00,Naive,0.64,0.3799999952316284,7,2014-07-07
2014-07-07 14:00:00,BestStat,0.64,0.3440433144569397,7,2014-07-07
2014-07-07 14:00:00,XGBoost,0.64,0.38939622044563293,7,2014-07-07
2014-07-07 15:00:00,XGBoost,0.66,0.3911922872066498,7,2014-07-07
2014-07-07 15:00:00,SeasonalNaive,0.66,0.3499999940395355,7,2014-07-07
2014-07-07 15:00:00,Naive,0.66,0.3799999952316284,7,2014-07-07
2014-07-07 15:00:00,BestStat,0.66,0.35527753829956055,7,2014-07-07
2014-07-07 16:00:00,Naive,0.71,0.3799999952316284,7,2014-07-07
2014-07-07 16:00:00,XGBoost,0.71,0.38176432251930237,7,2014-07-07
2014-07-07 16:00:00,BestStat,0.71,0.3426109254360199,7,2014-07-07
2014-07-07 16:00:00,SeasonalNaive,0.71,0.3400000035762787,7,2014-07-07
2014-07-07 17:00:00,Naive,0.84,0.3799999952316284,7,2014-07-07
2014-07-07 17:00:00,BestStat,0.84,0.3719440698623657,7,2014-07-07
2014-07-07 17:00:00,SeasonalNaive,0.84,0.36000001430511475,7,2014-07-07
2014-07-07 17:00:00,XGBoost,0.84,0.35304224491119385,7,2014-07-07
2014-07-07 18:00:00,BestStat,0.37,0.3439461588859558,7,2014-07-07
2014-07-07 18:00:00,SeasonalNaive,0.37,0.3400000035762787,7,2014-07-07
2014-07-07 18:00:00,Naive,0.37,0.3799999952316284,7,2014-07-07
2014-07-07 18:00:00,XGBoost,0.37,0.3885350823402405,7,2014-07-07
2014-07-07 19:00:00,BestStat,0.82,0.27747252583503723,7,2014-07-07
2014-07-07 19:00:00,XGBoost,0.82,0.3879404664039612,7,2014-07-07
2014-07-07 19:00:00,SeasonalNaive,0.82,0.28999999165534973,7,2014-07-07
2014-07-07 19:00:00,Naive,0.82,0.3799999952316284,7,2014-07-07
2014-07-07 20:00:00,BestStat,0.66,0.31300947070121765,7,2014-07-07
2014-07-07 20:00:00,Naive,0.66,0.3799999952316284,7,2014-07-07
2014-07-07 20:00:00,XGBoost,0.66,0.3841409385204315,7,2014-07-07
2014-07-07 20:00:00,SeasonalNaive,0.66,0.33000001311302185,7,2014-07-07
2014-07-07 21:00:00,XGBoost,0.4,0.3464920222759247,7,2014-07-07
2014-07-07 21:00:00,Naive,0.4,0.3799999952316284,7,2014-07-07
2014-07-07 21:00:00,BestStat,0.4,0.3365391492843628,7,2014-07-07
2014-07-07 21:00:00,SeasonalNaive,0.4,0.3400000035762787,7,2014-07-07
2014-07-07 22:00:00,BestStat,0.28,0.2880358397960663,7,2014-07-07
2014-07-07 22:00:00,XGBoost,0.28,0.33591628074645996,7,2014-07-07
2014-07-07 22:00:00,SeasonalNaive,0.28,0.30000001192092896,7,2014-07-07
2014-07-07 22:00:00,Naive,0.28,0.3799999952316284,7,2014-07-07
2014-07-07 23:00:00,BestStat,0.28,0.38770604133605957,7,2014-07-07
2014-07-07 23:00:00,SeasonalNaive,0.28,0.3799999952316284,7,2014-07-07
2014-07-07 23:00:00,XGBoost,0.28,0.33002543449401855,7,2014-07-07
2014-07-07 23:00:00,Naive,0.28,0.3799999952316284,7,2014-07-07
